org,topic_0,topic_1,topic_2,topic_3,topic_4,topic_5,topic_6,topic_7
000니트까지,0,2,3,1,1,3,2,0
0개,1,0,0,1,2,0,1,1
10월,0,2,1,2,1,2,3,0
120Hz,0,1,1,1,0,2,1,0
12억달러,2,3,5,3,2,3,2,0
1군,0,1,1,2,1,2,1,0
1볼넷,0,0,0,0,0,0,1,0
1세트,0,0,0,0,1,0,0,0
1위,10,16,7,27,20,9,11,31
1위로,4,3,1,5,3,3,3,1
2025년,1,2,3,3,2,4,3,1
2026년,1,2,3,3,2,4,3,1
2030년,2,3,5,3,2,3,2,0
2030년에,2,3,5,4,1,3,2,0
20득점,1,0,0,1,2,0,0,1
2o,1,0,0,1,1,0,0,1
2가지,1,3,3,2,1,2,2,0
2분기,0,3,3,2,1,3,3,0
2세트,0,0,0,0,1,0,0,0
3.3m2,0,1,1,2,1,2,1,0
3a,1,0,0,1,1,0,0,1
3a1,1,0,0,1,1,0,0,1
3년,1,2,1,3,4,1,1,0
3분기,3,7,7,14,8,16,10,3
3위,1,0,0,1,2,0,1,1
3이닝,0,0,0,0,0,0,1,0
3점,1,1,0,1,3,0,1,0
3차,0,1,1,2,1,2,1,0
400W,8,8,0,24,16,0,0,40
4o,1,0,0,1,1,0,0,1
4분기,0,4,3,4,1,4,5,0
500니트,0,1,1,1,0,2,1,0
5km,0,0,0,0,0,0,1,3
6무,0,0,0,0,0,0,1,0
6인용,1,1,2,0,1,1,2,0
77-69로,1,0,0,1,2,0,0,1
7은,0,4,2,2,0,1,3,1
7패,0,0,0,0,0,0,1,0
8.6G,1,11,13,9,3,12,12,1
8.6세대,6,35,27,26,9,33,40,1
82명,2,0,0,1,2,0,0,1
84m2형,0,1,1,2,1,2,1,0
8o,1,0,0,1,1,0,0,1
8세대,0,8,6,6,1,8,8,0
8월,0,1,0,0,0,0,2,0
8위,0,0,0,0,1,0,0,0
advertisement,2,4,3,5,5,4,4,1
AI,35,36,22,64,40,22,24,51
AMAZE,3,2,1,3,1,1,1,1
and,2,0,1,1,1,0,0,1
AP시스템,1,18,15,14,2,20,20,1
AR,5,3,4,4,2,2,3,1
BOE,4,12,11,12,4,11,12,2
by,2,0,1,1,1,0,0,1
BYD,0,5,2,2,0,1,5,1
BYD코리아,0,4,2,2,0,1,3,1
CATL,4,3,1,5,3,3,3,1
chips,2,0,1,1,1,0,0,1
CJ그룹,0,3,5,4,3,3,3,0
CLENOX,0,1,8,1,0,0,0,0
CMP,0,2,2,3,1,2,3,0
CNS,1,2,1,5,3,1,2,1
cooling,2,0,1,1,1,0,0,1
Corintis,2,0,1,1,1,0,0,1
CTO,0,6,10,6,3,5,6,0
DB,1,0,0,1,2,0,0,1
DeX,2,0,0,1,3,0,0,1
E-Tech,0,1,0,0,0,0,2,0
EDR,2,2,1,5,3,2,1,1
ELA,1,18,15,14,2,20,20,1
email,1,1,0,2,2,0,0,3
EMI,2,6,2,6,0,4,2,0
for,2,0,1,1,1,0,0,1
HBM,1,3,3,4,2,4,2,1
in,2,0,1,1,1,0,0,1
is,2,0,1,1,1,0,0,1
IT,6,24,20,19,13,21,25,2
IT용,0,6,8,3,2,7,7,0
K-pop,3,2,1,3,1,1,1,1
KCC,0,0,0,0,1,0,1,0
KT,1,0,0,1,1,0,0,1
Laser,1,3,3,3,1,4,4,1
LCD,1,10,6,5,2,5,8,0
LCK,0,0,0,0,1,0,0,0
LED,12,10,18,16,5,8,6,1
LFD,0,3,4,3,3,3,2,0
LG,2,2,1,6,5,1,6,5
LG디스플레,4,23,21,19,10,23,27,1
LG디스플레이,1,8,8,4,1,4,7,0
LG전자,2,4,3,5,5,4,4,1
LLO,0,4,3,3,0,4,4,0
LTPO,0,5,4,4,0,6,4,0
LTPS,0,4,3,3,0,4,3,0
Micro-LED,11,10,18,16,6,8,6,1
NAC,2,2,1,5,3,2,1,1
NB,0,0,4,0,0,0,0,0
NC,1,0,0,1,1,0,0,1
of,2,0,1,1,1,0,0,1
OGF,2,3,1,3,1,2,1,0
OLED,21,118,112,95,43,112,119,6
OMEN,0,4,6,3,4,4,3,0
on,2,0,1,1,1,0,0,1
Origin,1,0,0,0,2,0,0,0
P-Complex,0,0,2,0,0,0,0,0
PC,5,5,4,7,4,3,4,1
Pin,0,2,10,2,0,0,0,0
protected,1,1,0,2,2,0,0,3
RGB,0,3,5,1,1,4,4,0
RPG,0,2,3,1,2,2,2,0
Shot,0,2,10,2,0,0,0,0
SK하이닉스,0,2,2,4,2,6,4,0
SNS,0,0,0,0,1,0,0,0
SUV,0,4,2,2,0,1,3,1
TFT,0,4,3,3,0,4,3,0
TGS,1,5,5,6,7,4,3,0
that,2,0,1,1,1,0,0,1
the,2,0,1,1,1,0,0,1
to,2,0,1,1,1,0,0,1
Visionox,0,4,3,3,0,4,4,0
VR,3,2,1,3,1,1,1,1
vs,0,0,0,0,1,0,0,0
with,2,0,1,1,1,0,0,1
WSJ,3,1,1,3,1,1,1,1
XR,13,8,9,10,5,6,7,3
가격,2,5,3,5,5,4,6,1
가능성,1,4,3,3,1,4,5,0
가능할,0,2,3,1,1,3,2,0
가민,7,4,8,9,3,2,2,1
가스공사,2,1,0,2,5,0,1,1
가장,6,8,7,9,5,5,6,1
가족,0,0,0,0,0,0,1,0
가진,3,1,1,3,1,1,1,1
가치,0,1,2,0,1,1,2,0
감독,1,1,0,1,4,0,1,0
감독대행,0,0,0,0,0,0,1,0
강력한,1,3,3,2,1,2,2,0
강조했다.,1,4,3,3,2,4,4,1
강혁,1,1,0,1,3,0,1,0
같다.,0,0,0,0,1,0,0,0
같은,7,8,11,10,4,7,5,1
개발,2,5,5,6,4,5,3,0
개선에,1,5,3,3,1,4,5,0
개의,1,0,0,0,2,0,0,0
개편,2,0,0,1,1,0,0,1
갤럭시,3,1,1,3,5,1,1,2
갤럭시Z,1,3,3,2,1,2,2,0
거래일,1,4,2,3,2,2,3,0
건설,1,1,1,2,2,3,2,1
것으로,21,40,47,40,19,38,35,4
것이라고,1,4,3,3,2,4,4,1
게시물,1,0,0,0,0,0,0,0
게이머들,0,2,3,1,2,2,2,0
게이밍,2,10,12,10,10,8,7,0
게임,5,14,16,14,18,11,11,0
게임쇼,1,3,3,4,3,2,2,0
결승에서,0,0,0,0,3,0,0,0
경구용,1,3,4,3,0,4,2,0
경기,2,1,0,2,6,0,1,1
경기에서,1,1,0,1,3,0,1,0
경남마라톤,0,0,0,0,0,0,1,3
경남마라톤대회,0,0,0,0,0,0,1,3
경쟁,0,8,6,7,2,8,9,0
경험,3,2,1,3,1,1,1,1
고객,0,1,0,0,0,0,2,0
고객에,0,1,0,0,0,0,2,0
고평,4,2,1,4,1,1,1,1
공간,1,1,2,0,0,1,1,0
공격,0,0,0,0,1,0,0,0
공급,0,10,8,9,2,10,11,0
공급망,7,4,8,9,3,2,2,1
공급키로,0,3,3,2,0,4,4,0
공정,0,4,3,3,0,4,3,0
공정장비,1,3,4,3,0,4,2,0
공정한,0,4,3,3,1,4,4,0
공직자,2,0,0,1,2,0,0,1
공직자들,2,0,0,1,2,0,0,1
과거,4,2,1,4,1,1,1,1
과열,4,2,1,4,1,1,1,1
곽빈,0,0,0,0,0,0,1,0
관계,0,1,2,0,1,1,2,0
관광,0,1,0,0,0,0,2,0
관광객,0,1,0,0,0,0,2,0
관람객,0,2,3,1,2,2,2,0
관리하,0,0,2,0,0,0,0,0
관심,1,0,0,0,2,0,0,0
광학필름,2,6,2,6,0,4,2,0
광학필터,2,3,1,3,1,2,1,0
교수,1,1,0,2,2,0,0,3
교육,2,0,0,1,2,0,0,1
구글,11,6,8,7,4,5,6,2
구동,0,4,3,3,0,4,3,0
구미시,2,0,0,1,2,0,0,1
국회,0,3,3,1,1,2,4,0
규모,1,11,9,9,1,12,12,1
규모로,4,6,10,7,3,6,4,0
그래픽,1,3,3,3,3,2,2,0
글라스,4,2,1,4,1,1,1,1
글래스,3,1,1,3,1,1,1,1
금지,1,1,0,2,2,0,0,3
기기,17,9,10,14,6,7,8,4
기념사진,0,0,0,0,0,0,1,0
기념식,1,4,3,3,1,4,5,0
기능,5,0,0,2,4,0,0,2
기대하고,0,3,3,2,1,3,3,0
기리고,1,1,2,0,0,1,1,0
기반,3,6,2,6,1,4,2,0
기사보내기,0,0,0,0,1,0,0,0
기술력,1,3,1,3,0,2,1,0
기아,0,1,0,0,0,0,2,0
기업들,4,2,1,4,1,1,1,1
기업에,4,3,1,5,3,3,3,1
기여한,0,6,8,4,1,6,6,0
기자,8,5,7,8,13,5,7,7
기증유물전시관,1,1,2,0,0,1,1,0
기증자,1,1,2,0,0,1,1,0
기증해,1,1,2,0,0,1,1,0
기회,1,4,3,3,2,4,4,1
김강두,1,1,0,2,2,0,0,3
김경현,1,0,0,1,2,0,0,1
김도균,0,0,0,0,1,0,0,0
김보라,0,0,2,0,0,0,0,0
김영호,1,3,4,3,0,4,3,0
꺾고,0,0,0,0,1,0,0,0
나노,1,3,1,3,0,2,1,0
나노기술,1,3,1,3,0,2,1,0
나온다.,0,5,3,3,1,3,4,0
나인투파이브맥,1,2,1,2,1,1,2,0
남은,1,0,0,1,2,0,1,1
남자복식,0,0,0,0,3,0,0,0
남편,0,0,0,0,0,0,1,0
내구성,1,3,3,2,1,2,2,0
내년,3,17,15,15,6,15,19,1
내놓,1,2,1,2,1,1,2,0
내려갔다.,1,1,1,4,2,3,2,1
내려야,1,0,0,0,0,0,0,0
넘어,0,1,2,0,1,1,2,0
넘은,0,3,3,1,1,2,4,0
넷마블,3,3,3,3,7,2,3,0
농구,1,0,0,1,2,0,0,1
높은,12,8,13,13,9,5,5,1
뉴시스,10,6,8,11,6,3,4,5
니콜슨,1,0,0,1,2,0,0,1
다양한,4,10,7,16,11,6,5,10
다음,4,2,1,4,1,1,1,1
단독,1,10,9,8,2,12,12,1
단말,2,2,1,5,3,2,1,1
단순,0,1,2,0,1,1,2,0
단지,0,1,1,2,1,2,1,0
단체관광객,0,1,0,0,0,0,2,0
달러,1,5,3,2,1,2,4,0
달리고,0,0,0,0,0,0,1,3
달림이들,0,0,0,0,0,0,1,3
대기업,0,2,2,3,1,2,3,0
대만,2,4,3,4,4,2,3,1
대비,6,15,13,13,6,13,12,1
대상,1,2,1,5,3,1,2,1
대신증권,1,2,3,3,2,4,3,1
대죄,1,0,0,0,2,0,0,0
대표,6,11,12,14,7,11,10,3
대한,7,10,7,11,4,9,11,2
대한항공,0,1,1,1,1,3,2,0
대해서도,0,3,3,2,1,3,3,0
대형,2,10,13,9,5,14,11,1
대화,2,0,0,1,2,0,0,1
대회,1,2,1,5,3,1,3,4
댓글,0,3,5,2,0,2,3,0
더샵탕정,0,1,1,2,1,2,1,0
덧붙였다.,0,4,3,3,1,4,5,0
덱스,1,3,3,2,1,2,2,0
도쿄게임쇼,3,6,6,6,8,4,5,0
동일하이빌,0,1,1,2,1,2,1,0
됐다.,1,0,0,1,2,0,1,1
두께,1,2,1,2,1,1,2,0
두산,0,0,0,0,0,0,1,0
두산밥캣,0,3,5,4,3,3,3,0
뒷좌석,0,4,2,2,0,1,3,1
드래곤,0,0,0,0,1,0,0,0
드림팀,0,0,0,0,1,0,1,0
들어,0,0,0,0,1,0,0,0
등록,2,0,0,0,4,0,0,0
등을,0,3,5,4,3,3,3,0
등이,0,1,1,2,1,2,1,0
디바이스,0,0,4,0,0,0,0,0
디스플레,24,102,105,89,39,91,101,4
디자인,1,5,2,4,2,1,3,4
딜사이트,0,4,3,3,1,4,4,0
따돌릴,1,4,3,3,1,4,5,0
따르면,7,15,17,16,6,12,12,1
뜻을,1,1,2,0,0,1,1,0
라고,0,0,0,0,0,0,1,0
라닉스,1,4,2,3,2,2,3,0
라며,1,1,0,1,3,0,1,0
라인,3,8,6,7,3,7,9,1
레이저,0,12,9,9,1,12,12,0
로봇,2,5,3,5,4,4,4,4
롯데,1,0,0,1,2,0,2,1
르노코리아,0,1,0,0,0,0,2,0
리뷰,3,0,0,1,1,0,0,1
리프팅,0,1,6,1,0,0,0,0
마라톤,0,0,0,0,0,0,1,0
마약,1,4,2,3,2,2,3,0
마이크로,12,13,23,17,6,12,10,1
마지막,0,0,0,0,0,0,1,0
마치,2,0,0,1,3,0,0,1
만나,0,4,3,3,1,4,4,0
만에,1,0,0,0,0,0,0,0
만원관중,0,0,0,0,0,0,1,0
만족도,1,1,0,3,2,0,0,5
만큼,0,4,3,3,1,4,4,0
많이,0,4,3,3,1,4,5,0
말했다.,1,12,9,9,3,11,14,0
매출,3,6,6,11,6,8,7,2
메세나,0,1,2,0,1,1,2,0
메인,1,2,2,3,2,3,2,1
메타,17,9,10,14,6,7,8,4
메타버스,4,2,1,4,1,1,1,1
모두,1,5,3,2,1,2,4,0
모듈,1,4,2,3,2,2,3,0
모드,2,0,0,1,3,0,0,1
모바일,1,3,3,3,3,2,3,0
모빌리티,1,4,2,3,2,2,3,0
몸을,0,0,0,0,0,0,1,0
무기,3,0,0,0,4,0,0,0
무비자,0,1,0,0,0,0,2,0
무선,8,8,0,24,16,0,0,40
무한,10,6,8,7,4,5,6,2
문화,0,1,2,0,1,1,2,0
문화유산,1,1,2,0,0,1,1,0
미국,11,9,1,26,15,1,2,36
미드,0,0,0,0,1,0,0,0
미래,9,10,8,14,10,11,10,3
미래나노텍,2,6,2,6,0,4,2,0
미성년자,1,0,0,0,0,0,0,0
미세먼지,6,6,0,18,12,0,0,30
밀도,0,1,6,1,0,0,0,0
바다,0,4,2,2,0,1,3,1
바이오,1,3,4,3,0,4,2,0
반도체,3,18,15,20,8,22,20,2
밝기,3,5,8,4,2,6,4,0
밝기에서,0,2,3,1,1,3,2,0
밝혔다.,2,17,22,17,12,16,14,1
방법,0,3,4,3,3,3,2,0
방식,0,2,3,1,1,3,2,0
배터리,1,3,1,3,0,2,1,0
번역,2,0,0,1,3,0,0,1
번째,0,0,0,0,3,0,0,0
베어스,0,0,0,0,0,0,1,0
벨란겔,1,1,0,1,3,0,1,0
변화,2,3,5,3,2,3,2,0
보고,3,1,1,3,1,1,1,1
보는,3,2,1,3,1,1,1,1
보도자료,0,0,2,0,0,0,0,0
보안,2,2,1,5,3,2,1,1
보여주,0,4,2,2,0,1,3,1
보인다.,1,1,1,2,2,1,1,1
보조경기장에서,0,0,0,0,0,0,1,3
보조금,4,7,3,7,3,4,6,2
보호조치,1,0,0,0,0,0,0,0
부드러운,0,4,2,2,0,1,3,1
부문,1,3,3,4,2,4,2,1
부사장,1,6,7,5,1,8,6,0
부스,1,4,4,4,6,3,3,0
부품,1,4,2,3,2,2,3,0
북미,0,3,3,2,1,3,3,0
분들,1,1,2,0,0,1,1,0
분류,1,1,0,1,3,0,1,0
분석,2,0,0,1,1,0,0,1
불만,3,0,0,1,1,0,0,1
브레이커스,3,11,11,13,13,8,7,0
비롯해,1,3,3,3,3,2,2,0
비스포크,8,8,0,24,16,0,0,40
비전옥스,1,14,12,11,2,16,16,1
빠른,1,3,3,3,3,2,2,0
사람,4,2,1,4,1,1,1,1
사례,0,1,2,0,1,1,2,0
사업,8,14,10,20,5,13,9,2
사용자,5,1,1,4,2,1,1,2
사용할,1,1,1,2,2,1,1,1
사은품,0,1,0,0,0,0,2,0
사이버,2,2,1,5,3,2,1,1
사장,3,24,18,19,7,23,28,1
산업,3,16,13,14,9,12,16,2
산업통상자원부,0,3,3,2,1,4,3,0
삼성,11,14,14,17,14,10,11,9
삼성디스플레,4,19,17,17,10,17,18,3
삼성디스플레이,11,37,33,37,25,31,35,4
삼성생명,0,0,0,0,3,0,0,0
삼성전기,2,4,3,4,4,2,3,1
삼성전자,22,27,17,46,36,18,18,46
삼현,1,4,2,3,2,2,3,0
상반기,0,4,3,3,1,4,5,0
상승,4,2,1,4,1,1,1,1
상위권,0,0,0,0,1,0,0,0
상장사,2,4,4,10,6,12,8,2
상황에서,2,3,1,4,2,1,3,1
새내기,2,0,0,1,2,0,0,1
새로운,6,6,4,8,2,3,2,1
새롭게,2,0,0,1,3,0,0,1
생산,3,8,6,7,2,7,8,1
생산라인,2,21,20,15,4,24,25,1
생산성,2,3,1,4,2,1,3,1
생일,1,0,0,0,0,0,0,0
샤오미,0,1,1,1,0,2,1,0
서울대,1,2,1,5,3,1,2,1
선발,0,0,0,0,0,0,1,0
선보인다.,1,1,2,0,1,1,2,0
선수,0,0,0,0,3,0,0,0
선수들,1,1,0,1,3,0,1,0
섬마,0,0,0,0,0,0,1,0
성능,9,13,6,27,18,5,4,40
성능에서,1,1,1,2,2,1,1,1
성분,0,2,4,2,0,0,0,0
성우,2,0,0,0,4,0,0,0
성장,8,13,8,15,8,12,9,1
성장세,0,3,5,1,1,4,4,0
성장할,3,3,5,3,1,3,2,0
세계,11,24,19,25,14,22,20,2
세계관,0,2,3,1,2,2,2,0
세닉,0,1,0,0,0,0,2,0
세액공제,0,4,3,3,1,4,4,0
소비자,1,1,0,3,2,0,0,5
소재,2,8,4,9,1,6,5,0
소중한,1,1,2,0,0,1,1,0
쇼트폼,1,0,0,0,0,0,0,0
수명,3,3,5,3,1,3,2,0
수상했다.,0,3,3,2,1,4,3,0
수익성,0,2,2,3,1,2,3,0
수정,1,0,0,0,0,0,0,0
수주,0,4,3,3,1,4,4,0
수준인,1,1,2,0,1,1,2,0
수출,0,3,3,2,1,4,3,0
수출액,0,3,3,1,1,2,4,0
수학적최적화,1,2,1,5,3,1,2,1
슈퍼,0,0,0,0,3,0,0,0
슛을,1,1,0,1,3,0,1,0
스마일게이트,1,3,3,3,3,2,3,0
스마트워치,14,13,23,19,7,11,8,1
스마트폰,17,10,8,17,10,7,7,5
스크롤,1,0,0,0,0,0,0,0
스트레처블,1,3,4,3,0,4,3,0
스틱,6,6,0,18,12,0,0,30
스페셜,3,0,0,0,6,0,0,0
승률,1,0,0,1,2,0,1,1
승리,0,0,0,0,3,0,0,0
승리했다.,1,0,0,1,2,0,0,1
승점,0,0,0,0,1,0,0,0
시기,0,4,3,3,1,4,4,0
시범경기,0,0,0,0,1,0,1,0
시연,1,0,0,0,2,0,0,0
시장에,2,3,5,4,1,3,2,0
시정,2,0,0,1,2,0,0,1
시즌,0,0,0,0,0,0,1,0
신규,1,6,6,5,1,8,8,1
신시장,0,3,3,2,1,2,3,0
신작,1,6,7,6,6,5,5,0
실적,4,20,16,18,8,22,25,2
실패했다.,1,0,0,1,2,0,1,1
씨는,0,0,0,0,0,0,1,0
씨라이언,0,5,2,2,0,1,5,1
아니라,7,8,3,10,4,4,5,2
아닌,0,1,2,0,1,1,2,0
아래,1,3,3,2,1,2,2,0
아산탕정,0,1,1,2,1,2,1,0
아시아타임즈,2,4,3,5,5,4,4,1
아이오닉,0,3,5,4,3,3,3,0
아이폰,3,2,1,3,4,1,2,1
아직,7,4,8,9,3,2,2,1
아토,0,4,2,2,0,1,3,1
아티스트,3,2,1,3,1,1,1,1
안경,14,8,9,11,5,6,7,3
안세영,0,0,0,0,3,0,0,0
알렉스,1,1,0,2,2,0,0,3
알림,1,0,0,0,0,0,0,0
알바노,1,0,0,1,2,0,0,1
앞으로,0,1,2,0,1,1,2,0
애니메이션,1,5,6,5,5,4,4,0
애플,17,17,17,21,12,14,18,5
액션,1,2,1,3,4,1,1,0
야외에서도,3,2,4,4,1,1,1,0
얇은,3,2,1,3,4,1,2,1
양동근호,0,0,0,0,1,0,1,0
양사,1,5,3,3,1,4,5,0
양산,1,7,6,5,2,5,8,0
업계,6,26,20,20,9,20,25,3
업그레이드,1,3,3,2,1,2,2,0
업데이트,3,0,0,1,1,0,0,1
업종,3,7,8,13,6,16,10,2
업체,5,6,10,7,2,6,4,0
에서,3,9,6,6,5,4,7,1
에프엔에스테크,0,2,2,3,1,2,3,0
엔비디아,4,2,1,4,1,1,1,1
엔씨,1,2,1,3,4,1,1,0
엔씨소프트,4,16,17,17,18,12,12,0
엘런슨,1,0,0,1,2,0,0,1
여전히,1,5,3,2,1,2,4,0
역사,2,0,0,1,2,0,0,1
역의,2,0,0,0,4,0,0,0
역임하며,0,3,3,2,1,2,3,0
연간,0,7,6,5,2,6,9,0
연구원,1,2,2,7,3,6,4,1
연속,1,2,1,3,4,1,2,0
연준,4,2,1,4,1,1,1,1
연필,2,0,0,1,3,0,0,1
열린,2,0,0,1,8,0,0,1
영업이익,4,9,10,17,10,20,13,4
영웅,2,0,0,0,4,0,0,0
영향,4,2,1,4,1,1,1,1
예상,2,4,4,10,6,12,8,2
예상된다.,1,2,3,3,2,4,3,1
예술,0,1,2,0,1,1,2,0
예측치,0,1,1,1,1,3,2,0
오전,0,0,0,0,0,0,1,3
오픈월드,2,0,0,0,4,0,0,0
올해,8,12,12,12,7,12,11,1
옵트론텍,2,3,1,3,1,2,1,0
우리,5,3,1,5,4,1,2,1
우승,0,0,0,0,4,0,0,0
운송,0,2,2,4,2,6,4,0
울트라,2,0,0,1,3,0,0,1
워킹그룹,0,0,0,1,0,0,1,0
원으로,1,2,3,3,2,4,3,1
웨어러블,7,9,15,10,4,9,6,0
위기,1,4,3,3,2,4,4,1
위안,1,10,9,8,1,12,12,1
위한,2,3,1,4,2,1,4,1
위해,2,3,3,5,3,2,3,1
유공자,0,3,3,2,1,4,3,0
유기발광다이오드,1,8,6,6,2,8,9,0
유럽,7,7,0,21,14,0,0,35
유물,1,1,2,0,0,1,1,0
유비리서치,12,10,18,16,5,8,6,1
유비리서치에,7,4,8,9,3,2,2,1
유출,1,4,3,3,2,4,4,1
음식료,1,1,1,2,2,3,2,1
의약품,1,3,4,3,0,4,2,0
이날,2,1,0,2,5,0,2,1
이는,1,5,4,5,2,5,4,1
이랜드,0,0,0,0,1,0,0,0
이를,1,3,1,3,0,2,1,0
이번,3,7,7,9,6,6,5,1
이벤트,2,5,4,6,7,3,4,0
이상,2,3,1,4,2,1,3,1
이어,1,4,5,5,2,4,4,1
이용자,2,0,0,1,1,0,0,1
이유,1,3,3,2,1,2,2,0
이정원,1,1,2,0,1,1,2,0
이차전지,2,6,2,6,0,4,2,0
이청,2,8,8,8,3,7,9,1
이후,5,2,1,3,2,1,2,1
인공지능,1,2,1,5,3,1,2,1
인도,4,8,6,9,9,6,7,2
인도네시아,0,0,0,0,3,0,0,0
인상,1,1,1,4,2,3,2,1
인천,0,0,0,0,2,0,0,0
인터넷,1,1,2,0,1,1,2,0
인플루언서,1,3,3,3,3,2,3,0
인피니티시티,0,1,1,2,1,2,1,0
일곱,1,0,0,0,2,0,0,0
일렉트릭,0,1,0,0,0,0,2,0
일본,5,10,10,11,16,7,8,0
일부,1,1,1,2,2,1,1,1
임찬규,0,0,0,0,0,0,1,0
입주,0,1,1,2,1,2,1,0
있는,9,28,22,32,19,22,23,3
있다,7,36,31,31,15,33,36,3
있다.,51,80,68,91,49,60,73,19
있도록,0,1,2,1,0,0,0,0
있습니다.,1,0,0,0,0,0,0,0
있어,0,4,3,3,1,4,5,0
자동차,1,4,2,3,2,2,3,0
자매,0,0,0,0,0,0,1,0
자세,2,0,0,1,2,0,1,1
자율주행,4,3,1,5,3,3,3,1
자율주행차,2,3,1,3,1,2,1,0
작은,1,3,3,2,1,2,2,0
장면,1,0,0,0,2,0,0,0
장벽,0,1,6,1,0,0,0,0
장비,2,24,19,20,5,24,26,1
장진,2,0,0,1,2,0,0,1
재료,3,0,0,0,4,0,0,0
적자,1,3,3,4,2,4,2,1
전국,1,1,2,0,1,1,2,0
전기,2,6,4,8,4,7,7,3
전기가스,1,1,1,2,2,3,2,1
전기밥솥,1,1,2,0,1,1,2,0
전기차,0,1,0,0,0,0,2,0
전략,2,3,1,4,2,1,3,1
전망,2,4,4,10,6,12,8,2
전망이다.,3,8,11,8,5,10,6,1
전망치,2,4,4,10,6,12,8,2
전면,1,2,1,2,1,1,2,0
전반에,1,0,0,0,0,0,0,0
전분기,1,3,3,4,2,4,2,1
전시,1,1,2,0,0,1,1,0
전자파,1,3,1,3,0,2,1,0
전장,1,4,2,3,2,2,3,0
전체,0,4,6,4,2,7,6,0
전투서,0,0,0,0,1,0,0,0
전했다.,3,1,1,3,1,1,1,1
전환,4,9,5,9,5,6,9,2
점유율,1,6,6,6,3,8,7,1
접는,1,2,1,2,1,1,2,0
정부,7,33,24,32,14,33,37,3
정철동,1,4,3,3,1,3,5,0
제22회,0,0,0,0,0,0,2,3
제공한다.,1,1,2,0,1,1,2,0
제작,3,2,1,3,1,1,1,1
제조,4,3,1,5,3,3,3,1
제조사,3,4,3,4,2,3,5,1
제조업,3,6,5,7,2,5,5,1
제트,8,8,0,24,16,0,0,40
제품,8,11,9,14,7,7,6,2
젠지,0,0,0,0,1,0,0,0
젠지e스포츠,0,0,0,0,1,0,0,0
조를,0,0,0,0,3,0,0,0
조성환,0,0,0,0,0,0,1,0
조정됐다.,1,1,1,4,2,3,2,1
종합,0,0,0,0,1,0,1,0
좋아지고,0,0,0,0,1,0,0,0
주가,5,5,5,7,1,5,3,1
주식,6,4,2,9,4,3,2,2
주신,1,1,2,0,0,1,1,0
주요,4,9,9,10,3,8,9,1
주행감,0,4,2,2,0,1,3,1
중국,16,59,44,48,16,52,64,4
중국에,0,5,3,3,1,3,4,0
중국인,0,1,0,0,0,0,2,0
중심,2,3,5,3,2,3,2,0
중인,1,2,1,3,4,1,1,0
중형,0,4,2,2,0,1,3,1
즐길,2,6,6,7,6,4,4,0
증가,1,2,3,3,2,4,3,1
증가할,1,3,3,4,2,4,2,1
증권,1,1,1,2,2,3,2,1
증시,4,2,1,4,1,1,1,1
증착기,3,4,3,4,2,3,5,1
지난,11,11,12,17,9,17,15,4
지니언스,2,2,1,5,3,2,1,1
지수,4,2,1,4,1,1,1,1
지원,6,20,15,14,8,15,20,1
직접,2,3,1,4,2,1,3,1
직주근접성,0,1,1,2,1,2,1,0
진출에,1,0,0,1,2,0,1,1
진행,1,0,0,0,2,0,0,0
진행하고,1,3,4,3,0,4,2,0
차단,1,3,1,3,0,2,1,0
차량,2,9,5,5,3,4,7,0
차량용,1,5,3,2,1,2,4,0
차세대,2,3,1,3,1,2,1,0
참가자들,0,0,0,0,0,0,1,3
창원종합운동장,0,0,0,0,0,0,1,3
책은,0,1,2,0,1,1,2,0
천안,1,1,0,2,2,0,0,3
첨단,1,3,1,3,0,2,1,0
첨단산업,4,3,1,5,3,3,3,1
청소,8,8,0,24,16,0,0,40
청소기,8,8,0,24,16,0,0,40
체험,0,3,4,3,3,3,2,0
체험할,0,2,3,1,2,2,2,0
초점,4,3,1,5,3,3,3,1
총괄,1,1,0,2,2,0,0,3
촬영,0,0,0,0,0,0,1,0
최고,1,1,0,3,2,0,0,5
최고제품책임자,1,0,0,0,0,0,0,0
최저,1,1,2,0,1,1,2,0
최적,1,2,1,5,3,1,2,1
최적화,1,2,1,5,3,1,2,1
최종전,0,0,0,0,0,0,1,0
최초로,1,3,4,3,0,4,3,0
추석,1,1,2,0,1,1,2,0
추월당할,0,5,3,3,1,3,4,0
출발해,0,0,0,0,0,0,1,3
출시된다.,1,0,0,0,2,0,0,0
출품했다.,1,3,3,3,3,2,3,0
출하량,10,6,8,7,4,5,6,2
충청타임즈,1,1,2,0,0,1,1,0
충칭,0,4,3,3,0,4,3,0
충칭시,0,4,3,3,0,4,3,0
취미,0,0,0,0,0,0,1,0
취하고,0,0,0,0,0,0,1,0
친구,4,0,0,1,1,0,0,1
카메라,4,6,3,7,4,4,4,1
카카오,5,0,0,1,1,0,0,1
카카오톡,4,0,0,1,1,0,0,1
카펫,2,2,0,6,4,0,0,10
캐릭터,0,2,3,1,2,2,2,0
커버,1,3,3,2,1,2,2,0
컴투스,1,3,3,3,3,2,3,0
코리아오픈,0,0,0,0,3,0,0,0
코스피,2,4,4,10,6,12,8,2
코치진,0,0,0,0,0,0,1,0
콘서트,3,2,1,3,1,1,1,1
콘텐츠,3,5,6,7,4,4,4,1
크게,2,3,1,3,1,2,1,0
크기,2,3,3,2,1,2,2,0
클레녹스,0,1,8,1,0,0,0,0
킵스파마,1,3,4,3,0,4,2,0
탄력,0,1,8,1,0,0,0,0
탐험,1,0,0,0,2,0,0,0
탑재한,3,3,5,3,1,3,2,0
탕정푸르지오,0,1,1,2,1,2,1,0
탠덤,4,7,7,7,2,7,8,1
통해,5,16,17,16,15,14,13,0
투명,1,3,4,3,0,4,3,0
투자,5,30,28,23,8,29,35,2
트라이어게인,1,2,1,5,3,1,2,1
트리폴드,1,1,1,2,2,1,1,1
특허,0,0,2,0,0,0,0,0
파운드리,1,3,3,4,2,4,2,1
파크레인,0,1,1,2,1,2,1,0
파트너십,2,4,3,5,5,4,4,1
판매,0,1,0,0,0,0,2,0
판서,0,0,0,0,1,0,1,0
패널,6,29,32,25,9,33,31,3
패드,0,2,2,3,1,2,3,0
팬들,1,0,0,0,2,0,0,0
펼쳤,1,2,1,2,1,1,2,0
평균자책점,0,0,0,0,0,0,1,0
포상,0,3,3,2,1,4,3,0
포스트시즌,1,0,0,1,2,0,1,1
폰세,0,0,0,0,0,0,1,0
폴더블,1,2,1,2,1,1,2,0
폴더블폰,1,2,1,2,1,1,2,0
표준,2,3,5,3,2,3,2,0
품목,1,1,2,0,1,1,2,0
풍부한,1,3,3,3,3,2,2,0
프로,0,5,4,4,0,6,4,0
프로모션,0,1,0,0,0,0,2,0
프로젝트,6,8,7,8,4,7,6,4
프로젝트에,1,6,6,5,1,8,8,1
프리미엄,3,8,12,5,3,5,6,0
플랫폼,2,6,7,6,3,6,5,0
피드백,1,0,0,0,0,0,0,0
피부,0,2,10,2,0,0,0,0
피크,0,2,3,1,1,3,2,0
필터,2,6,2,6,0,4,2,0
하드웨어,3,1,1,3,1,1,1,1
하반기,1,13,9,10,3,12,15,0
한국,2,22,17,13,7,18,25,1
한국기술교육대,1,1,0,2,2,0,0,3
한국인,0,0,0,1,0,0,1,0
한다,0,4,3,3,1,4,4,0
한라캐스트,1,4,2,3,2,2,3,0
한미,0,0,0,1,0,0,1,0
한화생명e스포츠,0,0,0,0,1,0,0,0
할인,1,2,2,0,1,1,4,0
함께,1,4,7,1,3,2,7,0
핵심,3,9,8,9,3,9,9,1
했다.,1,3,4,3,0,4,3,0
행사,3,5,3,4,6,2,5,1
행사상품,1,1,2,0,1,1,2,0
허용준,0,0,0,0,1,0,0,0
허페,1,18,15,14,2,20,20,1
헌터,0,0,0,0,0,0,1,0
헤드셋,5,3,4,3,2,3,3,1
현대모비스,1,0,0,1,3,0,1,1
현장,3,0,0,1,4,0,0,1
현장에서,1,0,0,0,2,0,0,0
현지,0,2,3,1,2,2,2,0
현지시각,2,4,3,4,4,2,3,1
현지시간,0,0,0,1,0,0,1,0
협력사,0,3,5,4,3,3,3,0
혜택,2,4,3,5,4,2,6,1
호텔,0,1,0,0,0,0,2,0
호평,2,2,0,6,4,0,0,10
홈케어,0,1,6,1,0,0,0,0
홍민택,1,0,0,0,0,0,0,0
화면,2,5,5,5,4,5,5,1
화학,0,0,0,0,0,0,1,0
확대될,4,6,10,7,3,6,4,0
확산,1,5,3,3,1,4,5,0
확장,2,2,1,5,3,2,1,1
활동,0,4,7,4,4,4,5,0
활약,1,1,0,1,3,0,1,0
회복,3,6,4,8,4,5,5,2
회사,2,5,6,7,3,4,4,1
회의,0,0,0,1,0,0,1,0
효과,0,1,8,1,0,0,0,0
효과적인,0,0,2,0,0,0,0,0
효율,7,4,8,9,3,2,2,1
휴머노이드,1,1,0,2,2,0,0,3
흑자,0,4,3,4,1,4,5,0
흡입력,6,6,0,18,12,0,0,30
